Simulation,Timestep,Country,Theta_0,Theta_1,Theta_2,GDP,CPI,Unemployment Rate
0,0,GBR,0.5,1.0,0.3,476199730012.0847,1.0,0.061107574793125397
0,1,GBR,0.5,1.0,0.3,477687606470.5239,0.9961905246622036,0.061107574793125397
0,2,GBR,0.5,1.0,0.3,485508028765.4171,1.01417638496721,0.061107574793125397
0,3,GBR,0.5,1.0,0.3,482165268771.3157,1.0092598928087293,0.06047103755569701
0,4,GBR,0.5,1.0,0.3,456443904997.02295,0.9685192992136951,0.06047103755569701
0,5,GBR,0.5,1.0,0.3,434330894805.0786,0.9334535635182851,0.06015276893698281
0,6,GBR,0.5,1.0,0.3,412283559811.5608,0.8894524367775805,0.05983450031826862
0,7,GBR,0.5,1.0,0.3,397051967691.1902,0.8608662676397364,0.05983450031826862
0,8,GBR,0.5,1.0,0.3,390655734598.583,0.8558991159607289,0.05983450031826862
0,9,GBR,0.5,1.0,0.3,385275614387.6395,0.8510507164759884,0.05983450031826862
0,10,GBR,0.5,1.0,0.3,394065656794.0488,0.8717270809192168,0.05983450031826862
0,11,GBR,0.5,1.0,0.3,399673462430.9232,0.8918920439026169,0.05983450031826862
0,12,GBR,0.5,1.0,0.3,400615798571.05286,0.8948241404923507,0.05983450031826862
0,13,GBR,0.5,1.0,0.3,398723879973.4297,0.894265843211986,0.05983450031826862
0,14,GBR,0.5,1.0,0.3,394097846457.9075,0.8964258636918432,0.059516231699554424
0,15,GBR,0.5,1.0,0.3,390475514995.1116,0.8997235087483494,0.05919796308084023
0,16,GBR,0.5,1.0,0.3,384627593884.66724,0.8842222760978441,0.05919796308084023
0,17,GBR,0.5,1.0,0.3,386766342193.2733,0.891526959531197,0.05919796308084023
0,18,GBR,0.5,1.0,0.3,386360285786.3451,0.8969758618066173,0.05919796308084023
0,19,GBR,0.5,1.0,0.3,387237378409.4324,0.8989738051520856,0.05919796308084023
0,20,GBR,0.5,1.0,0.3,384145839329.4592,0.8962972520780269,0.058879694462126035
0,21,GBR,0.5,1.0,0.3,389606614007.1986,0.9165318664446426,0.058243157224697646
0,22,GBR,0.5,1.0,0.3,404707301523.6294,0.9510455803769197,0.05792488860598345
0,23,GBR,0.5,1.0,0.3,387493302277.6555,0.9239576914241174,0.05760661998726926
0,24,GBR,0.5,1.0,0.3,396101015230.0563,0.9455107023591116,0.05697008274984087
0,25,GBR,0.5,1.0,0.3,393380150991.4862,0.9358034703509025,0.05633354551241248
0,26,GBR,0.5,1.0,0.3,399310731086.96423,0.9388644241279689,0.056015276893698285
0,27,GBR,0.5,1.0,0.3,392584561901.114,0.9340568542135271,0.05537873965626989
0,28,GBR,0.5,1.0,0.3,383724248619.45654,0.9092650503419971,0.05410566518141311
0,29,GBR,0.5,1.0,0.3,389078656305.3452,0.9151532435580078,0.05251432208784214
0,30,GBR,0.5,1.0,0.3,401420367024.7195,0.9366453708940139,0.05187778485041375
0,31,GBR,0.5,1.0,0.3,401631692731.6062,0.9311603175978481,0.05187778485041375
0,32,GBR,0.5,1.0,0.3,386444082702.1328,0.9063365241775214,0.05187778485041375
0,33,GBR,0.5,1.0,0.3,391184887107.3091,0.9234743224480599,0.05187778485041375
0,34,GBR,0.5,1.0,0.3,401391685493.599,0.9582686136344101,0.05187778485041375
0,35,GBR,0.5,1.0,0.3,412881173615.1659,0.9714519771103195,0.05187778485041375
0,36,GBR,0.5,1.0,0.3,416001637357.00366,0.9784208039300102,0.051559516231699555
0,37,GBR,0.5,1.0,0.3,422102792104.24805,1.0189614946088876,0.05124124761298536
0,38,GBR,0.5,1.0,0.3,409550311459.8762,0.9892916719951114,0.05124124761298536
0,39,GBR,0.5,1.0,0.3,400583208794.86646,0.9619741310437299,0.05028644175684278
0,40,GBR,0.5,1.0,0.3,398247893489.9363,0.9948378801266007,0.05028644175684278
0,41,GBR,0.5,1.0,0.3,399302901812.2047,0.9745006645723208,0.04996817313812858
0,42,GBR,0.5,1.0,0.3,400123868853.593,0.9879320242299828,0.049013367281986
0,43,GBR,0.5,1.0,0.3,406075794450.6863,1.0149147620710384,0.049013367281986
0,44,GBR,0.5,1.0,0.3,404397116437.0543,1.0161786707672804,0.048695098663271805
0,45,GBR,0.5,1.0,0.3,417035082929.00916,0.9969299730621148,0.047740292807129214
0,46,GBR,0.5,1.0,0.3,424185165833.45374,1.07771479356899,0.047740292807129214
0,47,GBR,0.5,1.0,0.3,436169109924.6821,1.1152304558280632,0.04742202418841502
0,48,GBR,0.5,1.0,0.3,437591241683.2831,1.116854029415474,0.047103755569700825
0,49,GBR,0.5,1.0,0.3,432409942817.47217,1.1150585477300536,0.04678548695098663
0,50,GBR,0.5,1.0,0.3,441076265260.4022,1.1443128684341084,0.046467218332272436
0,0,FRA,0.5,1.0,0.3,545018228537.6993,1.0,0.10294117647058823
0,1,FRA,0.5,1.0,0.3,553493594254.2725,1.0125140578962957,0.10294117647058823
0,2,FRA,0.5,1.0,0.3,553075534000.8806,1.0165155005948305,0.10294117647058823
0,3,FRA,0.5,1.0,0.3,542605305449.97595,1.012261464713056,0.10294117647058823
0,4,FRA,0.5,1.0,0.3,553759130836.107,1.0169208397587504,0.10294117647058823
0,5,FRA,0.5,1.0,0.3,562473526404.9369,1.0290753746861883,0.10294117647058823
0,6,FRA,0.5,1.0,0.3,565674498997.0643,1.0200880016591751,0.10294117647058823
0,7,FRA,0.5,1.0,0.3,564415324324.1805,1.02765757764762,0.10294117647058823
0,8,FRA,0.5,1.0,0.3,561393739413.7203,1.0235406420146138,0.10294117647058823
0,9,FRA,0.5,1.0,0.3,558525770968.68,1.0218217330253985,0.10119047619047619
0,10,FRA,0.5,1.0,0.3,565843411296.4563,1.0399372962109912,0.10119047619047619
0,11,FRA,0.5,1.0,0.3,558285758437.6226,1.0149526693018422,0.10119047619047619
0,12,FRA,0.5,1.0,0.3,565276733698.2054,1.0451809643695025,0.10119047619047619
0,13,FRA,0.5,1.0,0.3,559595341125.0437,1.040959598599258,0.10119047619047619
0,14,FRA,0.5,1.0,0.3,554306930844.4935,1.0252615886102672,0.10119047619047619
0,15,FRA,0.5,1.0,0.3,571684916154.8031,1.0744987394754237,0.10014005602240897
0,16,FRA,0.5,1.0,0.3,573381082008.5084,1.0880557766994683,0.10014005602240897
0,17,FRA,0.5,1.0,0.3,583468760778.5426,1.1094499735776766,0.09943977591036414
0,18,FRA,0.5,1.0,0.3,584587176909.6748,1.1208924360155106,0.09838935574229692
0,19,FRA,0.5,1.0,0.3,593551265624.0498,1.1319400127767683,0.0976890756302521
0,20,FRA,0.5,1.0,0.3,596088675072.5565,1.1426117742926276,0.09523809523809523
0,21,FRA,0.5,1.0,0.3,612316868591.1847,1.1714634175023972,0.09453781512605042
0,22,FRA,0.5,1.0,0.3,604998212389.1888,1.1717926290307148,0.09418767507002801
0,23,FRA,0.5,1.0,0.3,616968925883.3901,1.1536129098711136,0.09418767507002801
0,24,FRA,0.5,1.0,0.3,620548096321.5461,1.1650345862154956,0.09278711484593838
0,25,FRA,0.5,1.0,0.3,615811022449.6022,1.19125810806632,0.09173669467787114
0,26,FRA,0.5,1.0,0.3,614757901467.9402,1.1910085893070965,0.09068627450980392
0,27,FRA,0.5,1.0,0.3,627031805257.744,1.1980654730206417,0.08718487394957983
0,28,FRA,0.5,1.0,0.3,625828666212.2349,1.1926626236275142,0.08438375350140057
0,29,FRA,0.5,1.0,0.3,632653438450.3279,1.2070458804889928,0.08298319327731092
0,30,FRA,0.5,1.0,0.3,641514302170.5469,1.2249695209261675,0.0819327731092437
0,31,FRA,0.5,1.0,0.3,659959826393.1138,1.245452498981409,0.08123249299719888
0,32,FRA,0.5,1.0,0.3,671566293251.0039,1.253605584239805,0.08053221288515407
0,33,FRA,0.5,1.0,0.3,694094035042.9806,1.292720970960738,0.08018207282913166
0,34,FRA,0.5,1.0,0.3,709286036496.5977,1.3324904154976691,0.07948179271708683
0,35,FRA,0.5,1.0,0.3,686916023444.686,1.324031023344354,0.07948179271708683
0,36,FRA,0.5,1.0,0.3,695757322517.5397,1.3457516032230323,0.07878151260504201
0,37,FRA,0.5,1.0,0.3,723214727640.9968,1.3888577774405853,0.07878151260504201
0,38,FRA,0.5,1.0,0.3,743020956582.2517,1.400036524911161,0.07878151260504201
0,39,FRA,0.5,1.0,0.3,766393723977.209,1.4522841076411168,0.0780812324929972
0,40,FRA,0.5,1.0,0.3,747155358341.5592,1.4208172418163434,0.07773109243697479
0,41,FRA,0.5,1.0,0.3,735715468862.332,1.4253812111601483,0.07773109243697479
0,42,FRA,0.5,1.0,0.3,728593862258.994,1.410060758460256,0.07773109243697479
0,43,FRA,0.5,1.0,0.3,718152249137.5537,1.3848698457027981,0.07738095238095238
0,44,FRA,0.5,1.0,0.3,708440889237.0505,1.3578465328250466,0.07703081232492998
0,45,FRA,0.5,1.0,0.3,685447359768.3579,1.3145955026600415,0.07703081232492998
0,46,FRA,0.5,1.0,0.3,690643532519.7748,1.3557492622229188,0.07528011204481792
0,47,FRA,0.5,1.0,0.3,691382697917.6956,1.335968013129541,0.07528011204481792
0,48,FRA,0.5,1.0,0.3,691266487864.6278,1.3428640705886432,0.07492997198879552
0,49,FRA,0.5,1.0,0.3,724856328469.3761,1.4046037802555753,0.0742296918767507
0,50,FRA,0.5,1.0,0.3,721668380041.37,1.428396804031852,0.07387955182072829
0,0,CAN,0.5,1.0,0.3,496568248497.9065,1.0,0.06919642857142858
0,1,CAN,0.5,1.0,0.3,504748937307.0625,1.0127402230156244,0.06919642857142858
0,2,CAN,0.5,1.0,0.3,505865172863.95776,1.0221880365632718,0.06919642857142858
0,3,CAN,0.5,1.0,0.3,506967049312.47437,1.0172354703417144,0.06808035714285714
0,4,CAN,0.5,1.0,0.3,515247427630.339,1.0271348159449654,0.06808035714285714
0,5,CAN,0.5,1.0,0.3,511508175471.8082,1.0240596557734818,0.06808035714285714
0,6,CAN,0.5,1.0,0.3,516102675963.0167,1.0317143413005792,0.06808035714285714
0,7,CAN,0.5,1.0,0.3,528464654602.9928,1.0407111922814976,0.06808035714285714
0,8,CAN,0.5,1.0,0.3,533651991827.5022,1.0486849999976293,0.06808035714285714
0,9,CAN,0.5,1.0,0.3,554668002124.1738,1.0869264877813665,0.06584821428571429
0,10,CAN,0.5,1.0,0.3,558032711639.4797,1.1004489865997082,0.06584821428571429
0,11,CAN,0.5,1.0,0.3,570941444813.6409,1.1117612334629239,0.06584821428571429
0,12,CAN,0.5,1.0,0.3,582726242035.9141,1.1436389531339854,0.06584821428571429
0,13,CAN,0.5,1.0,0.3,577554386179.6324,1.1463888657000143,0.06584821428571429
0,14,CAN,0.5,1.0,0.3,584769127282.7521,1.1434494890573887,0.06584821428571429
0,15,CAN,0.5,1.0,0.3,593958440856.7717,1.1743914366055233,0.06473214285714286
0,16,CAN,0.5,1.0,0.3,608423892758.2064,1.2049673341065255,0.06473214285714286
0,17,CAN,0.5,1.0,0.3,609260493331.1409,1.2176469666498286,0.06473214285714286
0,18,CAN,0.5,1.0,0.3,612341904371.2927,1.2277317158630288,0.06473214285714286
0,19,CAN,0.5,1.0,0.3,610189326351.2849,1.249944974327244,0.06473214285714286
0,20,CAN,0.5,1.0,0.3,628639464532.6971,1.2850106026233206,0.06417410714285714
0,21,CAN,0.5,1.0,0.3,628641062105.9862,1.3061539150078083,0.06361607142857142
0,22,CAN,0.5,1.0,0.3,623864675886.8252,1.2965901952719983,0.06305803571428571
0,23,CAN,0.5,1.0,0.3,633294011675.661,1.2998076414078858,0.0625
0,24,CAN,0.5,1.0,0.3,619250941220.6017,1.2772306333388286,0.06138392857142857
0,25,CAN,0.5,1.0,0.3,620064610985.537,1.2993280262533242,0.060825892857142856
0,26,CAN,0.5,1.0,0.3,619931780336.9271,1.301784531912384,0.05970982142857143
0,27,CAN,0.5,1.0,0.3,637035322629.6746,1.3130094337162417,0.05859375
0,28,CAN,0.5,1.0,0.3,660198505419.4535,1.3328784412381025,0.056919642857142856
0,29,CAN,0.5,1.0,0.3,657508230759.5817,1.3173778567357528,0.056919642857142856
0,30,CAN,0.5,1.0,0.3,653252419969.2427,1.3078659332209268,0.05580357142857143
0,31,CAN,0.5,1.0,0.3,659508639933.9674,1.3055934077365186,0.05412946428571429
0,32,CAN,0.5,1.0,0.3,674316889664.3467,1.3306873613856447,0.05357142857142857
0,33,CAN,0.5,1.0,0.3,669380038568.2056,1.3398590205808694,0.05357142857142857
0,34,CAN,0.5,1.0,0.3,661056925798.157,1.3357090334586565,0.05357142857142857
0,35,CAN,0.5,1.0,0.3,660442476283.7214,1.356480944918604,0.05357142857142857
0,36,CAN,0.5,1.0,0.3,648099033021.4482,1.3509400455923741,0.05357142857142857
0,37,CAN,0.5,1.0,0.3,659573294895.4199,1.387103340941565,0.05357142857142857
0,38,CAN,0.5,1.0,0.3,646132689168.9313,1.3664322303450989,0.05357142857142857
0,39,CAN,0.5,1.0,0.3,659723005807.8,1.3973892504223009,0.05357142857142857
0,40,CAN,0.5,1.0,0.3,674327249358.9609,1.4392684727475065,0.05357142857142857
0,41,CAN,0.5,1.0,0.3,692277916104.7444,1.4854337834807927,0.05357142857142857
0,42,CAN,0.5,1.0,0.3,690654430963.6514,1.456455290436794,0.05357142857142857
0,43,CAN,0.5,1.0,0.3,713942499243.846,1.4791840826815992,0.052455357142857144
0,44,CAN,0.5,1.0,0.3,717637834330.5891,1.5214326486524612,0.052455357142857144
0,45,CAN,0.5,1.0,0.3,707873120812.7406,1.4991472193337747,0.05189732142857143
0,46,CAN,0.5,1.0,0.3,704727040374.02,1.462990331296656,0.05133928571428571
0,47,CAN,0.5,1.0,0.3,701985564121.3735,1.4709514273729645,0.05133928571428571
0,48,CAN,0.5,1.0,0.3,727136173670.9535,1.543788614529571,0.05078125
0,49,CAN,0.5,1.0,0.3,741466050832.7274,1.6061657004935992,0.05078125
0,50,CAN,0.5,1.0,0.3,739532238676.613,1.6082782830376317,0.05078125
1,0,GBR,0.5,1.0,0.3,476199730012.0847,1.0,0.061107574793125397
1,1,GBR,0.5,1.0,0.3,460161404685.2512,0.9726681724202316,0.061107574793125397
1,2,GBR,0.5,1.0,0.3,446914453527.3734,0.9497186294361374,0.061107574793125397
1,3,GBR,0.5,1.0,0.3,451037690258.6903,0.9627700477129265,0.061107574793125397
1,4,GBR,0.5,1.0,0.3,461389705254.1405,0.9794763024240222,0.061107574793125397
1,5,GBR,0.5,1.0,0.3,471418061420.5387,1.0092457835894781,0.061107574793125397
1,6,GBR,0.5,1.0,0.3,468807337838.9453,1.0100969222060119,0.061107574793125397
1,7,GBR,0.5,1.0,0.3,477026608592.4923,1.028255693121454,0.0607893061744112
1,8,GBR,0.5,1.0,0.3,459197792292.59875,0.9962125204122705,0.05919796308084023
1,9,GBR,0.5,1.0,0.3,457461975538.7638,1.000942239245093,0.0547422024188415
1,10,GBR,0.5,1.0,0.3,457462406522.0383,1.0013964767136896,0.054423933800127305
1,11,GBR,0.5,1.0,0.3,455503114137.5126,0.9953153508673156,0.05410566518141311
1,12,GBR,0.5,1.0,0.3,455412174416.2224,1.0043046176464008,0.05410566518141311
1,13,GBR,0.5,1.0,0.3,449648111849.0348,0.9927929333597931,0.051559516231699555
1,14,GBR,0.5,1.0,0.3,436529828102.78296,0.9663946024187597,0.049331635900700194
1,15,GBR,0.5,1.0,0.3,421933194117.8074,0.9390350001904313,0.04805856142584341
1,16,GBR,0.5,1.0,0.3,425260043391.204,0.9609677252308574,0.04805856142584341
1,17,GBR,0.5,1.0,0.3,435290961248.14905,0.9781991391937643,0.04805856142584341
1,18,GBR,0.5,1.0,0.3,448631034877.6084,1.0134423589084562,0.04805856142584341
1,19,GBR,0.5,1.0,0.3,453808293641.4613,1.0459202763438793,0.04805856142584341
1,20,GBR,0.5,1.0,0.3,457498208801.0802,1.0704456284476984,0.04742202418841502
1,21,GBR,0.5,1.0,0.3,458164960088.4874,1.0612687516068942,0.047103755569700825
1,22,GBR,0.5,1.0,0.3,461600884628.98816,1.0807353742740715,0.04614894971355824
1,23,GBR,0.5,1.0,0.3,443940851455.5449,1.0878206111111677,0.04614894971355824
1,24,GBR,0.5,1.0,0.3,434321637773.3749,1.0724682861470562,0.04583068109484405
1,25,GBR,0.5,1.0,0.3,423676682903.7838,1.0563549882699865,0.04519414385741566
1,26,GBR,0.5,1.0,0.3,419112978798.78674,1.057306288406658,0.044239338001273075
1,27,GBR,0.5,1.0,0.3,409978980258.33435,1.0381435027457397,0.044239338001273075
1,28,GBR,0.5,1.0,0.3,397606673072.5006,1.0096084950616142,0.044239338001273075
1,29,GBR,0.5,1.0,0.3,403772877084.4597,1.040006128392659,0.043602800763844686
1,30,GBR,0.5,1.0,0.3,415097658121.27747,1.0721377174616926,0.043602800763844686
1,31,GBR,0.5,1.0,0.3,416558863334.0271,1.0821252730109978,0.043602800763844686
1,32,GBR,0.5,1.0,0.3,417753569140.39514,1.082663844138237,0.0426479949077021
1,33,GBR,0.5,1.0,0.3,418823495384.39355,1.0731745188902126,0.04232972628898791
1,34,GBR,0.5,1.0,0.3,401194388217.81934,1.0300112373856674,0.04169318905155952
1,35,GBR,0.5,1.0,0.3,393528742228.63464,1.0121838772413274,0.040420114576702734
1,36,GBR,0.5,1.0,0.3,408452512085.36255,1.0532525842789633,0.04010184595798854
1,37,GBR,0.5,1.0,0.3,433938684533.7532,1.126840976316658,0.03946530872056015
1,38,GBR,0.5,1.0,0.3,438079388493.64575,1.150631018776923,0.03946530872056015
1,39,GBR,0.5,1.0,0.3,438916808043.7323,1.158001450433146,0.03787396562698918
1,40,GBR,0.5,1.0,0.3,436844651646.4313,1.1542554000793352,0.03723742838956079
1,41,GBR,0.5,1.0,0.3,430322921379.52026,1.1446932109686547,0.0366008911521324
1,42,GBR,0.5,1.0,0.3,440472817524.1626,1.1675934618931856,0.03532781667727562
1,43,GBR,0.5,1.0,0.3,441961275094.8379,1.1648879390694427,0.034691279439847234
1,44,GBR,0.5,1.0,0.3,446428879391.89087,1.1803957708291375,0.03437301082113304
1,45,GBR,0.5,1.0,0.3,457971592487.5759,1.2108469298964935,0.03373647358370465
1,46,GBR,0.5,1.0,0.3,455882046671.58826,1.2040920200252128,0.03373647358370465
1,47,GBR,0.5,1.0,0.3,446974731559.5386,1.1824004611729066,0.03214513049013367
1,48,GBR,0.5,1.0,0.3,441409132631.0913,1.1852645730898241,0.031190324633991087
1,49,GBR,0.5,1.0,0.3,453602045703.6614,1.229773552193516,0.031190324633991087
1,50,GBR,0.5,1.0,0.3,454963802449.76636,1.2554334320487701,0.031190324633991087
1,0,FRA,0.5,1.0,0.3,545018228537.6993,1.0,0.10294117647058823
1,1,FRA,0.5,1.0,0.3,559144572258.2672,1.0157388414127166,0.10294117647058823
1,2,FRA,0.5,1.0,0.3,568722297366.3357,1.0335654010215063,0.10294117647058823
1,3,FRA,0.5,1.0,0.3,586817086135.8344,1.066621158176761,0.10294117647058823
1,4,FRA,0.5,1.0,0.3,598253437374.2598,1.0960960769524655,0.10294117647058823
1,5,FRA,0.5,1.0,0.3,615983365035.3876,1.1240700044137164,0.10294117647058823
1,6,FRA,0.5,1.0,0.3,627518751235.5322,1.1428568584542662,0.10259103641456582
1,7,FRA,0.5,1.0,0.3,636285634379.6975,1.1539390862673393,0.10259103641456582
1,8,FRA,0.5,1.0,0.3,629730287920.8297,1.157423193875841,0.10259103641456582
1,9,FRA,0.5,1.0,0.3,621087457583.3253,1.1379428890409078,0.10259103641456582
1,10,FRA,0.5,1.0,0.3,609512236191.2117,1.1355606040541464,0.10224089635854341
1,11,FRA,0.5,1.0,0.3,609313534430.5975,1.128510267982972,0.10084033613445378
1,12,FRA,0.5,1.0,0.3,589194878061.9418,1.1055805667838847,0.10084033613445378
1,13,FRA,0.5,1.0,0.3,577662735169.2952,1.0878590904651018,0.09978991596638656
1,14,FRA,0.5,1.0,0.3,575776835277.347,1.0848353681628995,0.09173669467787114
1,15,FRA,0.5,1.0,0.3,558678084186.8105,1.0543008285150348,0.0896358543417367
1,16,FRA,0.5,1.0,0.3,557105506533.8302,1.0490690859704728,0.08298319327731092
1,17,FRA,0.5,1.0,0.3,558671646201.4636,1.0725909393920512,0.08298319327731092
1,18,FRA,0.5,1.0,0.3,549942237320.3506,1.0666309412183255,0.08298319327731092
1,19,FRA,0.5,1.0,0.3,553008558331.3616,1.1058338864296657,0.08298319327731092
1,20,FRA,0.5,1.0,0.3,553611287769.8118,1.1280644533583475,0.08298319327731092
1,21,FRA,0.5,1.0,0.3,554360297262.5742,1.1382125059483252,0.08263305322128851
1,22,FRA,0.5,1.0,0.3,562449147254.7603,1.1540182816671136,0.08018207282913166
1,23,FRA,0.5,1.0,0.3,552975547523.1471,1.157871082771629,0.08018207282913166
1,24,FRA,0.5,1.0,0.3,567279512711.8488,1.2005534255217054,0.08018207282913166
1,25,FRA,0.5,1.0,0.3,569291085332.2007,1.2111777535034594,0.08018207282913166
1,26,FRA,0.5,1.0,0.3,561645892500.3009,1.1862252821269605,0.07983193277310924
1,27,FRA,0.5,1.0,0.3,571679059344.3964,1.236542778614775,0.07948179271708683
1,28,FRA,0.5,1.0,0.3,597199680571.3291,1.2906533747516153,0.07948179271708683
1,29,FRA,0.5,1.0,0.3,612084097696.6885,1.350031315501265,0.07948179271708683
1,30,FRA,0.5,1.0,0.3,630644113409.161,1.3582092800462187,0.07948179271708683
1,31,FRA,0.5,1.0,0.3,631396792516.1835,1.4111931824603114,0.07948179271708683
1,32,FRA,0.5,1.0,0.3,631956762799.6252,1.4105985266391605,0.07948179271708683
1,33,FRA,0.5,1.0,0.3,620236874815.4718,1.3825504357743004,0.07878151260504201
1,34,FRA,0.5,1.0,0.3,620818393264.5935,1.337026478698191,0.07773109243697479
1,35,FRA,0.5,1.0,0.3,614809911460.3986,1.3549288039450906,0.07773109243697479
1,36,FRA,0.5,1.0,0.3,611126913230.9485,1.3138149329538769,0.07563025210084033
1,37,FRA,0.5,1.0,0.3,621789010559.6403,1.401578528761464,0.07563025210084033
1,38,FRA,0.5,1.0,0.3,621164445317.408,1.4331033315485475,0.07563025210084033
1,39,FRA,0.5,1.0,0.3,637909854200.0067,1.4065691233115767,0.07492997198879552
1,40,FRA,0.5,1.0,0.3,634809910408.5731,1.4794287182975068,0.07457983193277311
1,41,FRA,0.5,1.0,0.3,631722096194.9714,1.419449726639537,0.0742296918767507
1,42,FRA,0.5,1.0,0.3,620383606537.805,1.397464440775164,0.07317927170868348
1,43,FRA,0.5,1.0,0.3,603019034043.052,1.4284761464561437,0.07282913165266107
1,44,FRA,0.5,1.0,0.3,590313490795.028,1.4086004858252417,0.07247899159663866
1,45,FRA,0.5,1.0,0.3,596571561168.1831,1.4237373733680654,0.07107843137254902
1,46,FRA,0.5,1.0,0.3,599253799448.0321,1.4271938962620356,0.0700280112044818
1,47,FRA,0.5,1.0,0.3,598378058619.5569,1.4303108811159075,0.06897759103641457
1,48,FRA,0.5,1.0,0.3,618561432689.2506,1.4783572230858726,0.06827731092436974
1,49,FRA,0.5,1.0,0.3,638336902837.0316,1.5466302506116145,0.06792717086834733
1,50,FRA,0.5,1.0,0.3,660139184315.2616,1.6261938273215262,0.06757703081232493
1,0,CAN,0.5,1.0,0.3,496568248497.9065,1.0,0.06919642857142858
1,1,CAN,0.5,1.0,0.3,501492926932.34845,1.0194615952194663,0.06919642857142858
1,2,CAN,0.5,1.0,0.3,514132504681.541,1.042651723688087,0.06919642857142858
1,3,CAN,0.5,1.0,0.3,518017481361.2581,1.0546095665097392,0.06919642857142858
1,4,CAN,0.5,1.0,0.3,520611122079.886,1.0686895337011286,0.06919642857142858
1,5,CAN,0.5,1.0,0.3,516333295398.3763,1.0729462824592402,0.06919642857142858
1,6,CAN,0.5,1.0,0.3,530301255226.1753,1.1025807083031398,0.06919642857142858
1,7,CAN,0.5,1.0,0.3,518921792502.76404,1.090011740734857,0.06919642857142858
1,8,CAN,0.5,1.0,0.3,521879323502.0607,1.0986744494097371,0.06919642857142858
1,9,CAN,0.5,1.0,0.3,527301111261.9097,1.096280502299894,0.06919642857142858
1,10,CAN,0.5,1.0,0.3,524151597431.54224,1.0955062410174,0.06919642857142858
1,11,CAN,0.5,1.0,0.3,531434203740.09174,1.1233208392548086,0.06919642857142858
1,12,CAN,0.5,1.0,0.3,516371550275.0116,1.0954258081516655,0.06863839285714286
1,13,CAN,0.5,1.0,0.3,497617621597.92645,1.0652037042032791,0.06863839285714286
1,14,CAN,0.5,1.0,0.3,511093153106.74084,1.0750703175582863,0.06752232142857142
1,15,CAN,0.5,1.0,0.3,532491817027.1585,1.1196459485386216,0.06752232142857142
1,16,CAN,0.5,1.0,0.3,531365857714.9281,1.1049896537000816,0.06696428571428571
1,17,CAN,0.5,1.0,0.3,514908596428.2796,1.0848958569028702,0.06696428571428571
1,18,CAN,0.5,1.0,0.3,528034770469.7139,1.1272755133244021,0.06696428571428571
1,19,CAN,0.5,1.0,0.3,545465240671.0249,1.136336648308933,0.06696428571428571
1,20,CAN,0.5,1.0,0.3,539809165918.75653,1.1579836357712137,0.06696428571428571
1,21,CAN,0.5,1.0,0.3,516714901499.0893,1.091762114205414,0.06696428571428571
1,22,CAN,0.5,1.0,0.3,521992204661.48303,1.1737945584165412,0.06696428571428571
1,23,CAN,0.5,1.0,0.3,501139009957.25494,1.1356555370048045,0.06696428571428571
1,24,CAN,0.5,1.0,0.3,491187905881.92456,1.0663359879840806,0.06696428571428571
1,25,CAN,0.5,1.0,0.3,488390408948.10394,1.1273269371195738,0.06640625
1,26,CAN,0.5,1.0,0.3,496263939064.1432,1.162851933532912,0.06640625
1,27,CAN,0.5,1.0,0.3,492182489037.9479,1.1728915702025833,0.06640625
1,28,CAN,0.5,1.0,0.3,478611388672.2087,1.1471321915706174,0.06640625
1,29,CAN,0.5,1.0,0.3,491746758424.5074,1.1816200213229835,0.06640625
1,30,CAN,0.5,1.0,0.3,465430007409.2821,1.162545016890422,0.06529017857142858
1,31,CAN,0.5,1.0,0.3,465385618545.28156,1.1645875125916882,0.06473214285714286
1,32,CAN,0.5,1.0,0.3,455537299133.084,1.1025993467281743,0.06473214285714286
1,33,CAN,0.5,1.0,0.3,470030222981.9861,1.1588960744579435,0.06417410714285714
1,34,CAN,0.5,1.0,0.3,478721488876.5317,1.1682883072888035,0.06417410714285714
1,35,CAN,0.5,1.0,0.3,478888733077.4815,1.1780220915657935,0.06417410714285714
1,36,CAN,0.5,1.0,0.3,486447325615.48047,1.2039583432046987,0.06361607142857142
1,37,CAN,0.5,1.0,0.3,494701731196.9114,1.2417935617513978,0.06361607142857142
1,38,CAN,0.5,1.0,0.3,510572261815.9592,1.235912006463951,0.06361607142857142
1,39,CAN,0.5,1.0,0.3,523603118241.18085,1.321829543344474,0.06305803571428571
1,40,CAN,0.5,1.0,0.3,526947259647.3724,1.3353613962770312,0.06305803571428571
1,41,CAN,0.5,1.0,0.3,544085736742.0545,1.3727213797391644,0.06305803571428571
1,42,CAN,0.5,1.0,0.3,543695799173.8832,1.3855966644243276,0.06305803571428571
1,43,CAN,0.5,1.0,0.3,550395919975.5803,1.384423388775873,0.06305803571428571
1,44,CAN,0.5,1.0,0.3,548022663832.04877,1.3911053562342564,0.060825892857142856
1,45,CAN,0.5,1.0,0.3,550311775694.5312,1.393131121692889,0.05970982142857143
1,46,CAN,0.5,1.0,0.3,522833005473.49646,1.3495530566354221,0.05915178571428571
1,47,CAN,0.5,1.0,0.3,542154768473.7521,1.3019637211349755,0.056919642857142856
1,48,CAN,0.5,1.0,0.3,551916827216.4746,1.3715017598515113,0.056919642857142856
1,49,CAN,0.5,1.0,0.3,565453901331.1332,1.419817670242544,0.056919642857142856
1,50,CAN,0.5,1.0,0.3,578043683657.5522,1.4646318685719717,0.056361607142857144
2,0,GBR,0.5,1.0,0.3,476199730012.0847,1.0,0.061107574793125397
2,1,GBR,0.5,1.0,0.3,465501567332.1515,0.9799483916962282,0.061107574793125397
2,2,GBR,0.5,1.0,0.3,461676564543.9802,0.9805902332825439,0.061107574793125397
2,3,GBR,0.5,1.0,0.3,459144087339.1173,0.9684071068586918,0.061107574793125397
2,4,GBR,0.5,1.0,0.3,456697989552.37427,0.9703737813359755,0.06047103755569701
2,5,GBR,0.5,1.0,0.3,461693102288.6753,0.9796519785686192,0.06015276893698281
2,6,GBR,0.5,1.0,0.3,465347971214.48645,0.9849055578646118,0.05983450031826862
2,7,GBR,0.5,1.0,0.3,458896778193.7572,0.9700419957562313,0.05983450031826862
2,8,GBR,0.5,1.0,0.3,462473157318.6748,0.9819536480076795,0.05983450031826862
2,9,GBR,0.5,1.0,0.3,465143306797.6339,0.9882939401737533,0.05983450031826862
2,10,GBR,0.5,1.0,0.3,461346411208.6378,0.9912497378096817,0.05983450031826862
2,11,GBR,0.5,1.0,0.3,460338042648.5161,0.9859101689630854,0.05983450031826862
2,12,GBR,0.5,1.0,0.3,492535857931.41455,1.0540965319282858,0.05983450031826862
2,13,GBR,0.5,1.0,0.3,511341869323.9354,1.1128660804414554,0.05983450031826862
2,14,GBR,0.5,1.0,0.3,519423184026.0635,1.1317929341084332,0.05983450031826862
2,15,GBR,0.5,1.0,0.3,516612939344.32666,1.121013871984233,0.05760661998726926
2,16,GBR,0.5,1.0,0.3,513207367636.0043,1.1106427813719257,0.05760661998726926
2,17,GBR,0.5,1.0,0.3,502660789818.99,1.1035729610016645,0.05728835136855506
2,18,GBR,0.5,1.0,0.3,508076161785.272,1.1239125107378576,0.05728835136855506
2,19,GBR,0.5,1.0,0.3,518188143948.9679,1.1472788083153278,0.056651814131126674
2,20,GBR,0.5,1.0,0.3,515380695567.30615,1.1446703981925692,0.05569700827498408
2,21,GBR,0.5,1.0,0.3,519933394465.9353,1.147864148224486,0.0547422024188415
2,22,GBR,0.5,1.0,0.3,521343554213.4064,1.148463863603578,0.053787396562698916
2,23,GBR,0.5,1.0,0.3,515037318622.1249,1.1626107482277308,0.05346912794398472
2,24,GBR,0.5,1.0,0.3,503567680565.2816,1.1495989123669437,0.05346912794398472
2,25,GBR,0.5,1.0,0.3,491443180091.32776,1.1592983803998116,0.05346912794398472
2,26,GBR,0.5,1.0,0.3,479929127751.9541,1.156480032840489,0.05315085932527053
2,27,GBR,0.5,1.0,0.3,486888375466.24963,1.149299270774459,0.052196053469127944
2,28,GBR,0.5,1.0,0.3,491129064208.29004,1.1920767269009418,0.052196053469127944
2,29,GBR,0.5,1.0,0.3,490212871138.3533,1.1801299887381094,0.052196053469127944
2,30,GBR,0.5,1.0,0.3,504542427268.198,1.2123545649728293,0.05124124761298536
2,31,GBR,0.5,1.0,0.3,510974347941.58203,1.2313264090081435,0.050922978994271166
2,32,GBR,0.5,1.0,0.3,511637616042.10376,1.243396267040699,0.05028644175684278
2,33,GBR,0.5,1.0,0.3,505378949461.048,1.2286269538433399,0.048695098663271805
2,34,GBR,0.5,1.0,0.3,517851178051.7366,1.253058440080621,0.047740292807129214
2,35,GBR,0.5,1.0,0.3,498178553997.1199,1.1941003117721871,0.047740292807129214
2,36,GBR,0.5,1.0,0.3,501519485831.57556,1.2203029220587918,0.04742202418841502
2,37,GBR,0.5,1.0,0.3,511760664373.3948,1.274046113726184,0.04742202418841502
2,38,GBR,0.5,1.0,0.3,510653102636.1007,1.243795402003995,0.04742202418841502
2,39,GBR,0.5,1.0,0.3,514921801772.0647,1.2650859970496178,0.04678548695098663
2,40,GBR,0.5,1.0,0.3,513417848712.5947,1.266666841240421,0.04678548695098663
2,41,GBR,0.5,1.0,0.3,501399275947.44434,1.2306286300006455,0.04614894971355824
2,42,GBR,0.5,1.0,0.3,506687998001.3429,1.315123651789271,0.04583068109484405
2,43,GBR,0.5,1.0,0.3,513886108695.64514,1.3050370453729154,0.04551241247612985
2,44,GBR,0.5,1.0,0.3,527386474264.3978,1.3400235021065439,0.04455760661998727
2,45,GBR,0.5,1.0,0.3,518062053890.682,1.3517506404114743,0.04455760661998727
2,46,GBR,0.5,1.0,0.3,519529885186.3331,1.3573263573464247,0.04455760661998727
2,47,GBR,0.5,1.0,0.3,520647322719.16846,1.3661934316690416,0.04455760661998727
2,48,GBR,0.5,1.0,0.3,526227437881.55505,1.3995036723086787,0.044239338001273075
2,49,GBR,0.5,1.0,0.3,538576301014.9166,1.3827907627721703,0.043602800763844686
2,50,GBR,0.5,1.0,0.3,562790247226.9113,1.4451389254389206,0.04328453214513049
2,0,FRA,0.5,1.0,0.3,545018228537.6993,1.0,0.10294117647058823
2,1,FRA,0.5,1.0,0.3,551622623093.8536,0.9965897354917042,0.10294117647058823
2,2,FRA,0.5,1.0,0.3,565869242845.5717,1.0303660045418082,0.10294117647058823
2,3,FRA,0.5,1.0,0.3,554926465676.3824,1.0014635877102045,0.10294117647058823
2,4,FRA,0.5,1.0,0.3,560640402432.5232,1.0011768605147333,0.10189075630252101
2,5,FRA,0.5,1.0,0.3,559240700723.0664,0.9977027087850687,0.10189075630252101
2,6,FRA,0.5,1.0,0.3,559252643986.078,1.0004891737083357,0.10189075630252101
2,7,FRA,0.5,1.0,0.3,561691684322.3226,1.001168905066898,0.10189075630252101
2,8,FRA,0.5,1.0,0.3,560831225953.1849,1.0103393463157697,0.10189075630252101
2,9,FRA,0.5,1.0,0.3,564184124538.1906,1.0205793794375209,0.10189075630252101
2,10,FRA,0.5,1.0,0.3,563988075981.0198,1.0269574482810533,0.10119047619047619
2,11,FRA,0.5,1.0,0.3,547378056361.27094,1.0050833937337647,0.10119047619047619
2,12,FRA,0.5,1.0,0.3,558726325843.4253,1.0391345013566073,0.09593837535014006
2,13,FRA,0.5,1.0,0.3,562439778947.4716,1.0569327962257973,0.09593837535014006
2,14,FRA,0.5,1.0,0.3,537482790201.0137,1.0337865326397115,0.09593837535014006
2,15,FRA,0.5,1.0,0.3,536406646400.551,1.0351153481789395,0.09558823529411764
2,16,FRA,0.5,1.0,0.3,518423831649.0507,1.0135687605861274,0.09453781512605042
2,17,FRA,0.5,1.0,0.3,522747910978.8273,1.0309442230811987,0.09453781512605042
2,18,FRA,0.5,1.0,0.3,520021600232.04175,1.0525159391926682,0.09418767507002801
2,19,FRA,0.5,1.0,0.3,505186001850.05066,1.0310447334452428,0.09208683473389356
2,20,FRA,0.5,1.0,0.3,499344307994.6014,1.0365122429307252,0.09033613445378151
2,21,FRA,0.5,1.0,0.3,498757137731.8652,1.0472536798371164,0.0896358543417367
2,22,FRA,0.5,1.0,0.3,494806807483.429,1.0467425391371168,0.08893557422969188
2,23,FRA,0.5,1.0,0.3,451117998639.9933,1.032021010228732,0.08718487394957983
2,24,FRA,0.5,1.0,0.3,446376438623.34125,1.047674666399789,0.08683473389355742
2,25,FRA,0.5,1.0,0.3,441204426463.1406,1.0601383030175537,0.08683473389355742
2,26,FRA,0.5,1.0,0.3,438466843785.7169,1.0639265742594515,0.08648459383753501
2,27,FRA,0.5,1.0,0.3,434900518223.6225,1.0604797595611168,0.08508403361344538
2,28,FRA,0.5,1.0,0.3,408564587906.5284,1.0216606815739155,0.08508403361344538
2,29,FRA,0.5,1.0,0.3,394219024149.9523,1.0007227802318668,0.08438375350140057
2,30,FRA,0.5,1.0,0.3,391318479798.3573,1.0035279678145135,0.08403361344537816
2,31,FRA,0.5,1.0,0.3,390133942993.1722,1.0091633217807738,0.08263305322128851
2,32,FRA,0.5,1.0,0.3,388215931411.6715,1.0003840110052973,0.08123249299719888
2,33,FRA,0.5,1.0,0.3,394225577703.4281,1.0133233160724195,0.08018207282913166
2,34,FRA,0.5,1.0,0.3,395279640839.3807,1.0222523646597061,0.07983193277310924
2,35,FRA,0.5,1.0,0.3,412356880407.22894,1.054393869899352,0.07983193277310924
2,36,FRA,0.5,1.0,0.3,412061715849.95514,1.05230512748596,0.07913165266106442
2,37,FRA,0.5,1.0,0.3,415826819177.6496,1.0578540394589624,0.0780812324929972
2,38,FRA,0.5,1.0,0.3,425551885151.48895,1.0778342400634413,0.0780812324929972
2,39,FRA,0.5,1.0,0.3,428181718830.7833,1.0764392713886024,0.07773109243697479
2,40,FRA,0.5,1.0,0.3,422247706433.4392,1.064372819204827,0.07738095238095238
2,41,FRA,0.5,1.0,0.3,423993899883.77905,1.0622877516762708,0.07492997198879552
2,42,FRA,0.5,1.0,0.3,418168457561.7729,1.0572887597083416,0.0742296918767507
2,43,FRA,0.5,1.0,0.3,422895756372.4035,1.0682731544577693,0.07387955182072829
2,44,FRA,0.5,1.0,0.3,417048595142.5072,1.074130582911167,0.07317927170868348
2,45,FRA,0.5,1.0,0.3,413059423100.67975,1.0640090392954533,0.07317927170868348
2,46,FRA,0.5,1.0,0.3,427154092745.3348,1.0894400580159778,0.07317927170868348
2,47,FRA,0.5,1.0,0.3,424679079190.0226,1.0845475864556031,0.07247899159663866
2,48,FRA,0.5,1.0,0.3,423512992061.7031,1.0762135518554146,0.07177871148459383
2,49,FRA,0.5,1.0,0.3,421407437901.99945,1.0774850132608207,0.07142857142857142
2,50,FRA,0.5,1.0,0.3,416487112929.5679,1.067323529039554,0.07142857142857142
2,0,CAN,0.5,1.0,0.3,496568248497.9065,1.0,0.06919642857142858
2,1,CAN,0.5,1.0,0.3,503336676074.5259,1.0000640504998273,0.06919642857142858
2,2,CAN,0.5,1.0,0.3,513660204991.6314,1.030232620799256,0.06919642857142858
2,3,CAN,0.5,1.0,0.3,513896423956.08606,1.0381613116018524,0.06863839285714286
2,4,CAN,0.5,1.0,0.3,510560174386.36774,1.031930934172017,0.06863839285714286
2,5,CAN,0.5,1.0,0.3,508361212568.29,1.0335348065367673,0.06863839285714286
2,6,CAN,0.5,1.0,0.3,497427221824.21674,1.0213892832151685,0.06808035714285714
2,7,CAN,0.5,1.0,0.3,489612566824.1948,1.0109739380037281,0.06808035714285714
2,8,CAN,0.5,1.0,0.3,482364971640.878,1.0117365924834314,0.06808035714285714
2,9,CAN,0.5,1.0,0.3,486904151244.01605,1.024586136220466,0.06808035714285714
2,10,CAN,0.5,1.0,0.3,493575550965.8409,1.0327107599283347,0.06752232142857142
2,11,CAN,0.5,1.0,0.3,471659114777.63135,1.013877756517955,0.06752232142857142
2,12,CAN,0.5,1.0,0.3,464097198085.72626,1.0220909696938028,0.06752232142857142
2,13,CAN,0.5,1.0,0.3,447042249093.2002,1.0141871004225658,0.06752232142857142
2,14,CAN,0.5,1.0,0.3,432323019130.3004,0.9951343427328692,0.06696428571428571
2,15,CAN,0.5,1.0,0.3,444971124660.32196,1.023015653756322,0.06640625
2,16,CAN,0.5,1.0,0.3,440757626820.5716,1.0233304821272955,0.06640625
2,17,CAN,0.5,1.0,0.3,445365319615.36804,1.0451622422304747,0.06640625
2,18,CAN,0.5,1.0,0.3,445098173102.4078,1.0564275552680844,0.06529017857142858
2,19,CAN,0.5,1.0,0.3,440990948751.3829,1.0595143235433029,0.06305803571428571
2,20,CAN,0.5,1.0,0.3,447234533228.1062,1.0865206886943661,0.0625
2,21,CAN,0.5,1.0,0.3,463886369078.0562,1.1252590149775568,0.0625
2,22,CAN,0.5,1.0,0.3,458563072945.98157,1.1209779852448345,0.0625
2,23,CAN,0.5,1.0,0.3,431101252419.52386,1.091231162968628,0.060825892857142856
2,24,CAN,0.5,1.0,0.3,412489453872.06995,1.0680718622530512,0.060825892857142856
2,25,CAN,0.5,1.0,0.3,401578178732.0992,1.0736123669897881,0.060825892857142856
2,26,CAN,0.5,1.0,0.3,404825815086.48444,1.106405725800181,0.060825892857142856
2,27,CAN,0.5,1.0,0.3,397373512375.27167,1.0899854130105375,0.060267857142857144
2,28,CAN,0.5,1.0,0.3,417945862690.7232,1.1538578343166586,0.05970982142857143
2,29,CAN,0.5,1.0,0.3,408710183336.40515,1.1514025261013336,0.05970982142857143
2,30,CAN,0.5,1.0,0.3,410017865041.8446,1.1756278134775286,0.05859375
2,31,CAN,0.5,1.0,0.3,403835065651.3285,1.1779029470925222,0.05859375
2,32,CAN,0.5,1.0,0.3,414565731641.43835,1.2064543442720173,0.05747767857142857
2,33,CAN,0.5,1.0,0.3,430689190069.4933,1.2462869387065125,0.056919642857142856
2,34,CAN,0.5,1.0,0.3,449735339170.9122,1.2914460513375927,0.056919642857142856
2,35,CAN,0.5,1.0,0.3,434174273902.635,1.2665703550543943,0.056919642857142856
2,36,CAN,0.5,1.0,0.3,433493998924.6229,1.2635203803071726,0.05580357142857143
2,37,CAN,0.5,1.0,0.3,440208345543.6987,1.2944923917684379,0.0546875
2,38,CAN,0.5,1.0,0.3,445742160551.9787,1.3211951366913102,0.05412946428571429
2,39,CAN,0.5,1.0,0.3,439933941206.67615,1.3189946178398861,0.05412946428571429
2,40,CAN,0.5,1.0,0.3,451783654072.2204,1.3663520613267026,0.05357142857142857
2,41,CAN,0.5,1.0,0.3,435015534227.6761,1.3325466282319558,0.05357142857142857
2,42,CAN,0.5,1.0,0.3,446380599849.70685,1.337679664050809,0.053013392857142856
2,43,CAN,0.5,1.0,0.3,436941930328.062,1.3410714012306189,0.053013392857142856
2,44,CAN,0.5,1.0,0.3,438605989301.81616,1.344180672551482,0.053013392857142856
2,45,CAN,0.5,1.0,0.3,442535759439.16504,1.3556909933155739,0.053013392857142856
2,46,CAN,0.5,1.0,0.3,436691164719.6928,1.3633943496072323,0.053013392857142856
2,47,CAN,0.5,1.0,0.3,434956444480.0039,1.3586153394461822,0.053013392857142856
2,48,CAN,0.5,1.0,0.3,443085499324.3988,1.3704222812763223,0.052455357142857144
2,49,CAN,0.5,1.0,0.3,447878492462.7867,1.397247184420248,0.052455357142857144
2,50,CAN,0.5,1.0,0.3,427022140402.30865,1.3441698173583614,0.052455357142857144
3,0,GBR,0.5,1.0,0.3,476199730012.0847,1.0,0.061107574793125397
3,1,GBR,0.5,1.0,0.3,470547866048.8618,0.9831185317111795,0.061107574793125397
3,2,GBR,0.5,1.0,0.3,467171735544.54126,0.9726948641911832,0.061107574793125397
3,3,GBR,0.5,1.0,0.3,467578706314.5254,0.9730541394142219,0.061107574793125397
3,4,GBR,0.5,1.0,0.3,466184628626.81323,0.9909692365424212,0.061107574793125397
3,5,GBR,0.5,1.0,0.3,468652546541.1509,1.0026368225915967,0.061107574793125397
3,6,GBR,0.5,1.0,0.3,461610091077.52295,1.0014874429827418,0.061107574793125397
3,7,GBR,0.5,1.0,0.3,458787185084.52893,0.9974565748972339,0.061107574793125397
3,8,GBR,0.5,1.0,0.3,468929546321.58374,1.0231018069013176,0.0607893061744112
3,9,GBR,0.5,1.0,0.3,474719750006.9933,1.0460022727060132,0.05983450031826862
3,10,GBR,0.5,1.0,0.3,496040554172.5741,1.081179342659805,0.05856142584341184
3,11,GBR,0.5,1.0,0.3,509503364134.09595,1.1084293625536419,0.05728835136855506
3,12,GBR,0.5,1.0,0.3,511680038010.0188,1.1030149681199002,0.054423933800127305
3,13,GBR,0.5,1.0,0.3,518410969111.30457,1.1223771502058133,0.054423933800127305
3,14,GBR,0.5,1.0,0.3,535981616299.3335,1.1637029174866216,0.054423933800127305
3,15,GBR,0.5,1.0,0.3,552292360306.6036,1.1916598305701431,0.054423933800127305
3,16,GBR,0.5,1.0,0.3,577567229569.234,1.227875664544288,0.05346912794398472
3,17,GBR,0.5,1.0,0.3,578265463754.5071,1.231675000976224,0.05346912794398472
3,18,GBR,0.5,1.0,0.3,590922781496.6345,1.2551702224112753,0.05251432208784214
3,19,GBR,0.5,1.0,0.3,602606829634.005,1.2990662934047241,0.05251432208784214
3,20,GBR,0.5,1.0,0.3,620623283860.3861,1.346781164799413,0.05251432208784214
3,21,GBR,0.5,1.0,0.3,637938965668.3693,1.387515773364265,0.05251432208784214
3,22,GBR,0.5,1.0,0.3,642031989055.6108,1.3855066609679494,0.05251432208784214
3,23,GBR,0.5,1.0,0.3,636653752687.9108,1.3929161273102582,0.048695098663271805
3,24,GBR,0.5,1.0,0.3,628575404307.6509,1.4211440872493857,0.048695098663271805
3,25,GBR,0.5,1.0,0.3,637865788970.9357,1.461442823107339,0.048695098663271805
3,26,GBR,0.5,1.0,0.3,630656862531.6967,1.4737529685923916,0.048695098663271805
3,27,GBR,0.5,1.0,0.3,615815267378.4785,1.4505478240212486,0.048695098663271805
3,28,GBR,0.5,1.0,0.3,599418249177.2538,1.4251944375360481,0.048695098663271805
3,29,GBR,0.5,1.0,0.3,596525307966.9756,1.4455816019203953,0.048695098663271805
3,30,GBR,0.5,1.0,0.3,602047220974.667,1.460238599572195,0.04742202418841502
3,31,GBR,0.5,1.0,0.3,631478263980.874,1.5166795150127272,0.04519414385741566
3,32,GBR,0.5,1.0,0.3,637804728905.5774,1.523148861962957,0.04455760661998727
3,33,GBR,0.5,1.0,0.3,647596399803.5673,1.5539320643890138,0.04455760661998727
3,34,GBR,0.5,1.0,0.3,651432088632.6914,1.5647844356242204,0.0426479949077021
3,35,GBR,0.5,1.0,0.3,669534035874.746,1.6171499847187163,0.0426479949077021
3,36,GBR,0.5,1.0,0.3,662600134906.5015,1.6128934808024291,0.04232972628898791
3,37,GBR,0.5,1.0,0.3,662533866401.7476,1.6342404943232405,0.04169318905155952
3,38,GBR,0.5,1.0,0.3,643120794352.9832,1.5928725117270963,0.04073838319541693
3,39,GBR,0.5,1.0,0.3,648562242095.8787,1.6031583907548264,0.039783577339274345
3,40,GBR,0.5,1.0,0.3,650115037374.5035,1.610985378207617,0.03946530872056015
3,41,GBR,0.5,1.0,0.3,651115335004.8851,1.5953775746446623,0.03946530872056015
3,42,GBR,0.5,1.0,0.3,652228340518.1682,1.5876965227738695,0.03882877148313176
3,43,GBR,0.5,1.0,0.3,644332215777.7217,1.595361712967567,0.03851050286441757
3,44,GBR,0.5,1.0,0.3,632537863010.737,1.5851113202992884,0.037555697008274984
3,45,GBR,0.5,1.0,0.3,632932440456.7303,1.6071044177914706,0.037555697008274984
3,46,GBR,0.5,1.0,0.3,644937187800.936,1.6572359970370354,0.037555697008274984
3,47,GBR,0.5,1.0,0.3,640194914991.3348,1.6794366966454435,0.037555697008274984
3,48,GBR,0.5,1.0,0.3,632851204416.6241,1.6853194240771885,0.0366008911521324
3,49,GBR,0.5,1.0,0.3,637771012493.1898,1.7207958168034339,0.0366008911521324
3,50,GBR,0.5,1.0,0.3,636673817707.3192,1.748583001597264,0.0366008911521324
3,0,FRA,0.5,1.0,0.3,545018228537.6993,1.0,0.10294117647058823
3,1,FRA,0.5,1.0,0.3,554289479066.3735,1.0069621982063013,0.10294117647058823
3,2,FRA,0.5,1.0,0.3,569423403985.2319,1.0317093293279072,0.10294117647058823
3,3,FRA,0.5,1.0,0.3,567661344296.0577,1.02520101452032,0.1015406162464986
3,4,FRA,0.5,1.0,0.3,576032573269.7583,1.0457178668418292,0.1015406162464986
3,5,FRA,0.5,1.0,0.3,567235722493.6971,1.0371575642717143,0.1015406162464986
3,6,FRA,0.5,1.0,0.3,578558517879.9961,1.061469423627151,0.1015406162464986
3,7,FRA,0.5,1.0,0.3,591279710832.7593,1.0884003240437208,0.1015406162464986
3,8,FRA,0.5,1.0,0.3,618291483569.1775,1.138328820868416,0.09978991596638656
3,9,FRA,0.5,1.0,0.3,647494899488.3066,1.1986355303834006,0.09803921568627451
3,10,FRA,0.5,1.0,0.3,642686905337.1339,1.1944444798506964,0.09803921568627451
3,11,FRA,0.5,1.0,0.3,630689284241.8949,1.1755035818437047,0.09523809523809523
3,12,FRA,0.5,1.0,0.3,638832948642.216,1.179684149161309,0.08858543417366947
3,13,FRA,0.5,1.0,0.3,647510534412.4506,1.20813580697384,0.08858543417366947
3,14,FRA,0.5,1.0,0.3,677409031657.2189,1.254017358707217,0.08858543417366947
3,15,FRA,0.5,1.0,0.3,665797841123.0156,1.2429001426197892,0.08788515406162464
3,16,FRA,0.5,1.0,0.3,647221683517.7046,1.2298648108511345,0.08368347338935574
3,17,FRA,0.5,1.0,0.3,635363459618.3328,1.2184534966369576,0.08368347338935574
3,18,FRA,0.5,1.0,0.3,623961094541.464,1.2283753154008994,0.08368347338935574
3,19,FRA,0.5,1.0,0.3,621157418675.2537,1.2408480823321453,0.08368347338935574
3,20,FRA,0.5,1.0,0.3,601201112684.5802,1.224038673688002,0.08368347338935574
3,21,FRA,0.5,1.0,0.3,597733448542.0825,1.2455522868398208,0.08368347338935574
3,22,FRA,0.5,1.0,0.3,580705535542.008,1.2336222902725054,0.08368347338935574
3,23,FRA,0.5,1.0,0.3,590445385448.151,1.249842162347801,0.08368347338935574
3,24,FRA,0.5,1.0,0.3,577713186158.001,1.2518832932599901,0.08368347338935574
3,25,FRA,0.5,1.0,0.3,595196720356.8093,1.3190485259434812,0.08333333333333333
3,26,FRA,0.5,1.0,0.3,588655929420.7023,1.3196634743815443,0.08333333333333333
3,27,FRA,0.5,1.0,0.3,589539460902.2081,1.3094118442930935,0.08123249299719888
3,28,FRA,0.5,1.0,0.3,593062377256.0024,1.3138903823204708,0.08053221288515407
3,29,FRA,0.5,1.0,0.3,574528898350.7842,1.2910496628837114,0.08018207282913166
3,30,FRA,0.5,1.0,0.3,552626240253.6301,1.236520896808642,0.07738095238095238
3,31,FRA,0.5,1.0,0.3,541508801423.7382,1.201067572364658,0.07457983193277311
3,32,FRA,0.5,1.0,0.3,532662231743.15576,1.1801281390069838,0.07282913165266107
3,33,FRA,0.5,1.0,0.3,539368723475.11255,1.213649153130046,0.07247899159663866
3,34,FRA,0.5,1.0,0.3,556098307161.6526,1.2418545078714158,0.06932773109243698
3,35,FRA,0.5,1.0,0.3,565132696351.49,1.2738269329154774,0.06932773109243698
3,36,FRA,0.5,1.0,0.3,583329798456.1603,1.3058770637245773,0.06757703081232493
3,37,FRA,0.5,1.0,0.3,598539997063.4934,1.3360498288909999,0.06722689075630252
3,38,FRA,0.5,1.0,0.3,618154099946.0587,1.3702612154539644,0.0661764705882353
3,39,FRA,0.5,1.0,0.3,633643191640.0662,1.3880560699984286,0.06512605042016807
3,40,FRA,0.5,1.0,0.3,644757106386.0552,1.4016552767522514,0.06512605042016807
3,41,FRA,0.5,1.0,0.3,652616955194.1287,1.399700095002688,0.06477591036414566
3,42,FRA,0.5,1.0,0.3,669197966926.4836,1.437353640380705,0.06337535014005602
3,43,FRA,0.5,1.0,0.3,660342811844.8655,1.4311465877327976,0.0626750700280112
3,44,FRA,0.5,1.0,0.3,655731391548.4618,1.403663266627514,0.06022408963585434
3,45,FRA,0.5,1.0,0.3,671264541384.2427,1.4307510392873712,0.05777310924369748
3,46,FRA,0.5,1.0,0.3,681922657035.5366,1.4713426222390866,0.05777310924369748
3,47,FRA,0.5,1.0,0.3,667188258196.4062,1.4681179879565636,0.05777310924369748
3,48,FRA,0.5,1.0,0.3,685228794686.7993,1.4800267464057284,0.05672268907563025
3,49,FRA,0.5,1.0,0.3,746688120132.6609,1.575360893932669,0.056022408963585436
3,50,FRA,0.5,1.0,0.3,731031069186.7482,1.5459630453891078,0.056022408963585436
3,0,CAN,0.5,1.0,0.3,496568248497.9065,1.0,0.06919642857142858
3,1,CAN,0.5,1.0,0.3,493528937257.8806,0.9938227983921347,0.06919642857142858
3,2,CAN,0.5,1.0,0.3,493769351177.7794,0.9807275801374504,0.06919642857142858
3,3,CAN,0.5,1.0,0.3,516796573510.23,1.0223404448498976,0.06919642857142858
3,4,CAN,0.5,1.0,0.3,547545833730.36035,1.06060762597994,0.06808035714285714
3,5,CAN,0.5,1.0,0.3,554671532950.0524,1.0698154750530233,0.06808035714285714
3,6,CAN,0.5,1.0,0.3,580100166938.2065,1.109119531924675,0.06808035714285714
3,7,CAN,0.5,1.0,0.3,606502851229.3433,1.1608483300008572,0.06808035714285714
3,8,CAN,0.5,1.0,0.3,591937344014.6914,1.1615425439344245,0.06808035714285714
3,9,CAN,0.5,1.0,0.3,605915021806.905,1.1792422312926962,0.06529017857142858
3,10,CAN,0.5,1.0,0.3,607989600119.7714,1.1842475395612961,0.06529017857142858
3,11,CAN,0.5,1.0,0.3,622770296492.8019,1.2051123824326946,0.06361607142857142
3,12,CAN,0.5,1.0,0.3,627062677490.9403,1.2060057037017637,0.06361607142857142
3,13,CAN,0.5,1.0,0.3,638739678033.6046,1.2263988882606383,0.06361607142857142
3,14,CAN,0.5,1.0,0.3,623656257462.5979,1.2157084758261678,0.06361607142857142
3,15,CAN,0.5,1.0,0.3,603571424346.7367,1.194689276390835,0.06361607142857142
3,16,CAN,0.5,1.0,0.3,600424205072.6337,1.1959154033551314,0.06305803571428571
3,17,CAN,0.5,1.0,0.3,619140725364.3577,1.2086641866667551,0.0625
3,18,CAN,0.5,1.0,0.3,626714583079.5846,1.2144185690315217,0.0625
3,19,CAN,0.5,1.0,0.3,634539090448.7372,1.243822872862614,0.06194196428571429
3,20,CAN,0.5,1.0,0.3,632758222065.9019,1.241194455793545,0.06194196428571429
3,21,CAN,0.5,1.0,0.3,635506531222.6476,1.2437421588240838,0.06194196428571429
3,22,CAN,0.5,1.0,0.3,610698995716.7981,1.2123666151555725,0.06194196428571429
3,23,CAN,0.5,1.0,0.3,627130168034.0245,1.2212011686397988,0.06194196428571429
3,24,CAN,0.5,1.0,0.3,641499940521.9111,1.2641658026579863,0.06194196428571429
3,25,CAN,0.5,1.0,0.3,647908779327.2424,1.31123044113236,0.06194196428571429
3,26,CAN,0.5,1.0,0.3,649217621149.7936,1.3354316009509144,0.06194196428571429
3,27,CAN,0.5,1.0,0.3,639487292725.3684,1.3451913261849957,0.06194196428571429
3,28,CAN,0.5,1.0,0.3,640336805661.4154,1.3562317564462678,0.06194196428571429
3,29,CAN,0.5,1.0,0.3,634715526701.1934,1.3466648222782016,0.06138392857142857
3,30,CAN,0.5,1.0,0.3,609562397723.17,1.3153772794760772,0.06138392857142857
3,31,CAN,0.5,1.0,0.3,585631917045.6212,1.2932823516069483,0.060825892857142856
3,32,CAN,0.5,1.0,0.3,595782003849.0007,1.2936960312199677,0.05915178571428571
3,33,CAN,0.5,1.0,0.3,577376349728.5573,1.2591231248360089,0.05859375
3,34,CAN,0.5,1.0,0.3,579163273357.6539,1.2603239015762246,0.05747767857142857
3,35,CAN,0.5,1.0,0.3,603484895468.0841,1.2792166169844303,0.05747767857142857
3,36,CAN,0.5,1.0,0.3,621960170428.6465,1.341636470234469,0.056919642857142856
3,37,CAN,0.5,1.0,0.3,631604843278.3185,1.3730967510466947,0.056361607142857144
3,38,CAN,0.5,1.0,0.3,640951047203.9772,1.3884183939837835,0.056361607142857144
3,39,CAN,0.5,1.0,0.3,612732859926.2675,1.3412268599610058,0.056361607142857144
3,40,CAN,0.5,1.0,0.3,601819339322.2656,1.3161822388428943,0.053013392857142856
3,41,CAN,0.5,1.0,0.3,599484929402.988,1.306486929018678,0.05189732142857143
3,42,CAN,0.5,1.0,0.3,578220002413.3262,1.2402900423319472,0.05133928571428571
3,43,CAN,0.5,1.0,0.3,586004465273.8134,1.2914873843553383,0.05078125
3,44,CAN,0.5,1.0,0.3,573560746128.4393,1.246616751638749,0.05078125
3,45,CAN,0.5,1.0,0.3,579592983501.2413,1.2625811058786365,0.05022321428571429
3,46,CAN,0.5,1.0,0.3,579339124280.8849,1.3213475687039198,0.04966517857142857
3,47,CAN,0.5,1.0,0.3,553238914459.2108,1.3108126452133355,0.04966517857142857
3,48,CAN,0.5,1.0,0.3,542155364318.8341,1.308153060030683,0.048549107142857144
3,49,CAN,0.5,1.0,0.3,563315774200.4573,1.3618278706970153,0.04799107142857143
3,50,CAN,0.5,1.0,0.3,548490451347.05963,1.3698691543686157,0.04799107142857143
